company_id,company_name,broad_sector,cluster_id,cluster_name,distance_from_centroid,source_roe,raw_roe,roe,raw_debt_to_equity,debt_to_equity,raw_revenue_cagr_5yr,revenue_cagr_5yr,raw_fcf_cagr_5yr,fcf_cagr_5yr,raw_opm,opm
ICICIBANK,ICICI Bank Ltd,Financials,0,Distressed,0.2995811710139743,18.8,17.99027109750765,17.99027109750765,6.445624336310825,6.445624336310825,17.25086850260209,17.25086850260209,-7.360467011220518,-7.360467011220518,62.41380175029464,62.41380175029464
CANBK,Canara Bank,Financials,0,Distressed,0.6639650536033681,17.9,16.716051794688113,16.716051794688113,14.867419925542423,7.499263855218525,18.17561078322378,18.17561078322378,-5.337862323751841,-5.337862323751841,41.753906568101414,41.753906568101414
INDUSINDBK,IndusInd Bank Ltd,Financials,0,Distressed,0.8107174483626811,15.2,14.252273197764223,14.252273197764223,6.885742949503957,6.885742949503957,15.495613083358029,15.495613083358029,,-8.390395426179154,38.55469091544986,38.55469091544986
BANKBARODA,Bank of Baroda,Financials,0,Distressed,0.8127489914381317,16.7,15.761863790899902,15.761863790899902,12.143718727289434,7.499263855218525,17.477297665890944,17.477297665890944,,-8.390395426179154,37.4889127294537,37.4889127294537
HDFCBANK,HDFC Bank Ltd,Financials,0,Distressed,0.8139019266361847,17.1,14.33974005030719,14.33974005030719,6.808786667718385,6.808786667718385,21.95098428169122,21.95098428169122,,-8.390395426179154,61.41252040373843,61.41252040373843
AXISBANK,Axis Bank Ltd,Financials,0,Distressed,1.0313821748189997,18.4,15.832712405189048,15.832712405189048,8.249122739980766,7.499263855218525,14.743587120514379,14.743587120514379,,-8.390395426179154,34.69264599658038,34.69264599658038
CHOLAFIN,Cholamandalam Investment & Finance Company Ltd,Financials,0,Distressed,1.3023597025061073,20.2,17.455213596692694,17.455213596692694,6.863420609401317,6.863420609401317,21.939164804975263,21.939164804975263,,-8.390395426179154,28.10102802275218,28.10102802275218
BAJAJFINSV,Bajaj Finserv Ltd,Financials,0,Distressed,1.416228199069511,11.72,25.850351412279537,25.850351412279537,4.789368120938867,4.789368120938867,20.97274568418761,20.97274568418761,,-8.390395426179154,37.04045949520755,37.04045949520755
IRFC,Indian Railway Finance Corporation Ltd,Financials,0,Distressed,1.4742218110845198,13.7,13.038085361638096,13.038085361638096,8.378352548852153,7.499263855218525,19.06740855567788,19.06740855567788,,-8.390395426179154,99.50459748545694,90.21888430974894
RECLTD,REC Ltd,Financials,0,Distressed,1.5673625696584568,22.2,20.39653929343908,20.39653929343908,6.4249170872386445,6.4249170872386445,13.338042247865678,13.338042247865678,,-8.390395426179154,100.7702506471368,90.21888430974894
PFC,Power Finance Corporation Ltd,Financials,0,Distressed,1.5743447978933536,19.49,26.1609340860332,26.1609340860332,8.521864217426122,7.499263855218525,11.081753577550923,11.081753577550923,,-8.390395426179154,36.68859553263103,36.68859553263103
KOTAKBANK,Kotak Mahindra Bank Ltd,Financials,0,Distressed,1.751798466308678,15.1,14.013018188532914,14.013018188532914,4.003739266919029,4.003739266919029,13.51960376324537,13.51960376324537,,-8.390395426179154,83.66733645109092,83.66733645109092
ADANIGREEN,Adani Green Energy Ltd,Energy,0,Distressed,1.8177571059274555,14.7,12.812690665039659,12.812690665039659,6.595281675818589,6.595281675818589,34.976172926382844,24.286077033096053,,11.57315479777334,79.3709327548807,79.3709327548807
ONGC,Oil & Natural Gas Corpn Ltd,Energy,1,Defensive Dividend,0.3480089791938787,14.32,16.940398136885513,16.940398136885513,0.45444863084819176,0.45444863084819176,7.001683761214439,7.001683761214439,11.57315479777334,11.57315479777334,17.388518015001793,17.388518015001793
AMBUJACEM,Ambuja Cements Ltd,Materials,1,Defensive Dividend,0.6465261736425019,9.24,11.428984947896565,11.428984947896565,0.01686125048243921,0.01686125048243921,4.115700788754739,4.115700788754739,,9.987217411819094,19.300361881785282,19.300361881785282
MARUTI,Maruti Suzuki India Ltd,Consumer Discretionary,1,Defensive Dividend,0.6542953180557715,15.75,15.750385351954785,15.750385351954785,0.001389602503619973,0.001389602503619973,10.510215112642584,10.510215112642584,10.02778351575371,10.02778351575371,13.130031439890594,13.130031439890594
SHREECEM,Shree Cement Ltd,Materials,1,Defensive Dividend,0.6864376472490019,12.2,8.370767521615225,8.370767521615225,0.07998840747717723,0.07998840747717723,10.325615915556586,10.325615915556586,7.24045892978542,7.24045892978542,22.01647093221578,22.01647093221578
TECHM,Tech Mahindra Ltd,Information Technology,1,Defensive Dividend,0.7243476744829066,8.63,8.987963553189097,8.987963553189097,0.09512917619708275,0.09512917619708275,8.398437919098868,8.398437919098868,16.78825509724664,16.78825509724664,8.666051234710363,8.666051234710363
M&M,Mahindra & Mahindra Ltd,Consumer Discretionary,1,Defensive Dividend,0.7377546811452143,17.99,18.537543435564285,18.537543435564285,1.6414413053331318,1.6414413053331318,5.838805854237616,5.838805854237616,,10.02778351575371,17.89787025985418,17.89787025985418
GAIL,GAIL (India) Ltd,Energy,1,Defensive Dividend,0.8446051054795597,14.0,12.861540060002339,12.861540060002339,0.28304998896060884,0.28304998896060884,11.825154521824267,11.825154521824267,13.81411233198175,13.81411233198175,10.743987750322754,10.743987750322754
RELIANCE,Reliance Industries Ltd,Conglomerates / Other,1,Defensive Dividend,0.8511844288722186,9.25,9.958650553699458,9.958650553699458,0.5784524141094746,0.5784524141094746,9.606097094616972,9.606097094616972,,23.755071040879592,18.07459281612296,18.07459281612296
GODREJCP,Godrej Consumer Products Ltd,Consumer Staples,1,Defensive Dividend,0.8524390650051232,6.77,-4.45308779171297,4.684321561148048,0.2557548817272583,0.2557548817272583,6.447080048592069,6.447080048592069,,4.320098447494725,20.977582292849036,20.977582292849036
TATASTEEL,Tata Steel Ltd,Materials,1,Defensive Dividend,0.8849222991070836,6.55,-5.334926929972293,4.684321561148048,0.9461835171402184,0.9461835171402184,7.766224835881497,7.766224835881497,,9.987217411819094,9.70803461170916,9.70803461170916
MOTHERSON,Samvardhana Motherson International Ltd,Consumer Discretionary,1,Defensive Dividend,0.9007432508398822,11.8,11.546549416937488,11.546549416937488,0.7616899254444657,0.7616899254444657,9.21195713294276,9.21195713294276,-1.428567128563307,-1.428567128563307,9.445547764763102,9.445547764763102
NTPC,NTPC Ltd,Energy,1,Defensive Dividend,0.944957958604503,12.52,13.273598407068633,13.273598407068633,1.475521125007778,1.475521125007778,12.222309654337993,12.222309654337993,,11.57315479777334,28.82672926202094,28.82672926202094
IOC,Indian Oil Corporation,Energy,1,Defensive Dividend,0.9723386937924209,25.44,23.53162465856491,23.53162465856491,0.7230954600718581,0.7230954600718581,8.008755667240486,8.008755667240486,,11.57315479777334,9.743776019125345,9.743776019125345
JINDALSTEL,Jindal Steel & Power Ltd,Materials,1,Defensive Dividend,0.9776026121552892,14.1,13.410506363390198,13.410506363390198,0.3716941962270963,0.3716941962270963,1.4028310947741707,1.816400036319644,,9.987217411819094,20.260555268697622,20.260555268697622
TORNTPHARM,Torrent Pharmaceuticals Ltd,Healthcare,1,Defensive Dividend,1.022120183194771,24.2,24.154025670945156,24.154025670945156,0.5866394399066511,0.5866394399066511,6.932744476678732,6.932744476678732,14.88463449987261,14.88463449987261,31.3944817300522,31.3944817300522
GRASIM,Grasim Industries Ltd,Conglomerates / Other,1,Defensive Dividend,1.0575751829361482,6.9,11.196462612658342,11.196462612658342,1.5470993649397087,1.5470993649397087,11.15172597339149,11.15172597339149,,23.755071040879592,20.763028905617738,20.763028905617738
DIVISLAB,Divis Laboratories Ltd,Healthcare,1,Defensive Dividend,1.169321302315846,12.2,11.78984599513669,11.78984599513669,0.0002210596124088129,0.0012868909222192926,9.664930361854074,9.664930361854074,29.82307104777742,29.82307104777742,28.170809432759718,28.170809432759718
EICHERMOT,Eicher Motors Ltd,Consumer Discretionary,1,Defensive Dividend,1.1786020769197678,24.2,22.172346910501524,22.172346910501524,0.023219728456636186,0.023219728456636186,11.036936496739692,11.036936496739692,-0.552520013345259,-0.552520013345259,26.179245283018872,26.179245283018872
PIDILITIND,Pidilite Industries Ltd,Materials,1,Defensive Dividend,1.196317646030091,22.8,20.780302129178065,20.780302129178065,0.045438325205186154,0.045438325205186154,11.836370175898114,11.836370175898114,23.53017525858574,23.53017525858574,21.868690947266415,21.868690947266415
JSWENERGY,JSW Energy Ltd,Energy,1,Defensive Dividend,1.2797758456068453,8.4,8.280529953917052,8.280529953917052,1.5156009984639016,1.5156009984639016,4.6799560539164675,4.6799560539164675,,11.57315479777334,46.857043357130415,46.857043357130415
DABUR,Dabur India Ltd,Consumer Staples,1,Defensive Dividend,1.2993370730812723,19.2,18.355969997972835,18.355969997972835,0.13835394283397526,0.13835394283397526,7.814065037783324,7.814065037783324,-10.72050757546945,-10.72050757546945,19.348597226701063,19.348597226701063
BOSCHLTD,Bosch Ltd,Consumer Discretionary,1,Defensive Dividend,1.3088223272535704,16.0,20.639920424403183,20.639920424403183,0.003232758620689655,0.003232758620689655,6.717165240230294,6.717165240230294,-8.2232541048765,-8.2232541048765,12.524660728164047,12.524660728164047
LODHA,Macrotech Developers Ltd,Real Estate,1,Defensive Dividend,1.7220267615913065,10.7,8.895758200240426,8.895758200240426,0.4406663232010991,0.4406663232010991,-2.8278535641862446,1.816400036319644,,-13.16733127538306,25.833656455990695,25.833656455990695
SUNPHARMA,Sun Pharmaceuticals Industries Ltd,Healthcare,1,Defensive Dividend,1.8077019158611984,16.7,15.094161810671148,15.094161810671148,0.051423814535002436,0.051423814535002436,10.78116321985565,10.78116321985565,43.2382586094409,41.29094588325829,26.84289749881436,26.84289749881436
DLF,DLF Ltd,Real Estate,1,Defensive Dividend,1.8240237851643695,6.95,6.908270142781061,6.908270142781061,0.12259389820192235,0.12259389820192235,-5.136730668466605,1.816400036319644,-13.16733127538306,-13.16733127538306,33.04807841916913,33.04807841916913
SIEMENS,Siemens Ltd,Industrials,1,Defensive Dividend,1.868966890354011,19.1,17.698769290877124,17.698769290877124,0.018167610861496385,0.018167610861496385,11.193358902067896,11.193358902067896,53.28962129081927,41.29094588325829,13.956834532374101,13.956834532374101
BHEL,Bharat Heavy Electricals Limited,Industrials,1,Defensive Dividend,1.995379769945468,1.05,1.1539405843358703,4.684321561148048,0.36238644733611586,0.36238644733611586,-4.728642461606237,1.816400036319644,,37.78973446864202,2.9757669610346125,8.40432065777703
NHPC,NHPC Ltd,Energy,1,Defensive Dividend,2.230925402123163,9.61,10.407730866621879,10.407730866621879,0.8413260296625498,0.8413260296625498,1.404917217643753,1.816400036319644,-18.15959230256928,-18.15959230256928,49.90656146179402,49.90656146179402
HINDALCO,Hindalco Industries Ltd,Materials,2,Value Cyclicals,0.9035918096911131,10.2,9.567011474761177,9.567011474761177,0.5309290976579428,0.5309290976579428,10.592433818985914,10.592433818985914,8.463802473474736,8.463802473474736,88.94620349876368,88.94620349876368
HINDUNILVR,Hindustan Unilever Ltd,Consumer Staples,2,Value Cyclicals,0.9522586265130758,20.2,20.074973642078955,20.074973642078955,0.028974188761763442,0.028974188761763442,9.504485244074123,9.504485244074123,13.60175699592767,13.60175699592767,76.31672482874498,76.31672482874498
ICICIGI,ICICI Lombard General Insurance Company Ltd,Financials,2,Value Cyclicals,0.9577407290642508,17.0,15.7230643179025,15.7230643179025,0.0028676771814829987,0.0028676771814829987,12.911841003362579,12.911841003362579,32.27903093325808,32.27903093325808,87.42129155073948,87.42129155073948
BHARTIARTL,Bharti Airtel Ltd,Communication Services,2,Value Cyclicals,1.5276551342011577,14.9,10.35839213740181,10.35839213740181,2.6094723973904306,2.6094723973904306,13.17410230151459,13.17410230151459,,10.02778351575371,52.20093077836007,52.20093077836007
CIPLA,Cipla Ltd,Healthcare,2,Value Cyclicals,1.5916857096677042,16.8,15.554557028383135,15.554557028383135,0.020931625851868495,0.020931625851868495,9.513860126378049,9.513860126378049,228.7503659034452,41.29094588325829,75.59168153953597,75.59168153953597
JIOFIN,Jio Financial Services Ltd,Financials,2,Value Cyclicals,1.730778632848925,1.82,1.153456416595399,4.684321561148048,0.0,0.0012868909222192926,,17.25086850260209,,-8.390395426179154,84.04312668463612,84.04312668463612
ADANIPORTS,Adani Ports & Special Economic Zone Ltd,Industrials,2,Value Cyclicals,1.749843827382571,18.1,15.3548827162833,15.3548827162833,0.9373223691689719,0.9373223691689719,19.57867595245697,19.57867595245697,37.78973446864202,37.78973446864202,58.36172363445772,58.36172363445772
INDIGO,Interglobe Aviation Ltd,Consumer Discretionary,2,Value Cyclicals,1.7899921758486723,,892.568306010929,22.172346910501524,0.018579234972677595,0.018579234972677595,19.313355125806165,19.313355125806165,71.56520119992503,41.29094588325829,76.29890862649484,76.29890862649484
BAJAJHLDNG,Bajaj Holdings & Investment Ltd,Conglomerates / Other,2,Value Cyclicals,1.8666553167022215,14.8,13.576787656460265,13.576787656460265,0.0011613545449517945,0.0012868909222192926,31.612293448969165,24.286077033096053,25.86754704441738,25.86754704441738,91.7743830787309,90.21888430974894
HDFCLIFE,HDFC Life Insurance Company Ltd,Financials,2,Value Cyclicals,1.9310213787443615,11.4,10.732306013909723,10.732306013909723,0.06477567162143734,0.06477567162143734,21.16813430936688,21.16813430936688,,-8.390395426179154,99.47675449833469,90.21888430974894
POWERGRID,Power Grid Corporation of India Ltd,Energy,2,Value Cyclicals,2.009570502103586,19.0,17.870011245496066,17.870011245496066,1.4173456039290386,1.4173456039290386,5.510261937513361,5.510261937513361,39.69769001638159,39.69769001638159,86.87476823070044,86.87476823070044
HEROMOTOCO,Hero MotoCorp Ltd,Consumer Discretionary,2,Value Cyclicals,2.1923868308026426,22.0,21.14243742584327,21.14243742584327,0.03423922255494661,0.03423922255494661,2.1530677970544643,2.1530677970544643,5.842708892319703,5.842708892319703,86.14676228532112,86.14676228532112
ICICIPRULI,ICICI Prudential Life Insurance Company Ltd,Financials,2,Value Cyclicals,2.281889239113244,8.07,7.732848705134029,7.732848705134029,0.10904134484325306,0.10904134484325306,16.84553965244746,16.84553965244746,-51.26166654001434,-21.097831098826322,102.02531365231931,90.21888430974894
ASIANPAINT,Asian Paints Indian Multi-National Paint and Coating Manufacturing Company,Materials,3,High-Quality Growth,0.7966880559241116,31.45,29.677488252883382,29.677488252883382,0.1321016659547202,0.1321016659547202,13.029660349453076,13.029660349453076,18.03587045363451,18.03587045363451,21.3692069305536,21.3692069305536
BPCL,Bharat Petroleum Corporation Ltd,Energy,3,High-Quality Growth,0.9502372279116528,41.9,35.511337343822305,35.511337343822305,0.7218747934157467,0.7218747934157467,8.483226324685255,8.483226324685255,,11.57315479777334,9.837909494446341,9.837909494446341
TATAMOTORS,Tata Motors Ltd,Consumer Discretionary,3,High-Quality Growth,1.015978442650854,49.4,37.45613415294755,37.45613415294755,1.2631244259167667,1.2631244259167667,7.7201595386239275,7.7201595386239275,,10.02778351575371,13.595385542828959,13.595385542828959
INFY,Infosys Ltd,Information Technology,3,High-Quality Growth,1.0554194930356162,31.8,29.788006718416632,29.788006718416632,0.09486358890553362,0.09486358890553362,13.199100930556229,13.199100930556229,7.201272446841034,7.201272446841034,23.703390381987376,23.703390381987376
TCS,Tata Consultancy Services Ltd,Information Technology,3,High-Quality Growth,1.1625961325355698,0.52,50.944313673485176,50.12085157882395,0.0886406082507266,0.0886406082507266,10.463614801716602,10.463614801716602,10.77084245698778,10.77084245698778,26.690688396923118,26.690688396923118
ABB,Abbott India Ltd,Industrials,3,High-Quality Growth,1.175364190633965,34.9,32.46823465801568,32.46823465801568,0.022438496891051634,0.022438496891051634,9.716101277290168,9.716101277290168,,37.78973446864202,24.84185330825782,24.84185330825782
ITC,ITC Ltd,Conglomerates / Other,3,High-Quality Growth,1.1795475634422694,29.47,27.851074395694365,27.851074395694365,0.004066731984914169,0.004066731984914169,7.950896846254429,7.950896846254429,21.64259503734181,21.64259503734181,37.0177518132814,37.0177518132814
BAJAJ-AUTO,Bajaj Auto Ltd,Consumer Discretionary,3,High-Quality Growth,1.1920390036442572,26.5,26.61418410330778,26.61418410330778,0.06601754022512257,0.06601754022512257,8.127604751021389,8.127604751021389,23.98235048893478,23.98235048893478,19.534209939826162,19.534209939826162
HCLTECH,HCL Technologies Ltd,Information Technology,3,High-Quality Growth,1.3196526085414484,23.3,23.01393141233172,23.01393141233172,0.08435023365512796,0.08435023365512796,12.710299978373406,12.710299978373406,22.6161818543015,22.6161818543015,22.015594151738192,22.015594151738192
ADANIPOWER,Adani Power Ltd,Energy,3,High-Quality Growth,1.373805374023474,57.1,48.27674122146251,48.27674122146251,0.8023177656738903,0.8023177656738903,16.086096410440966,16.086096410440966,30.71118060790721,30.71118060790721,36.20186292228556,36.20186292228556
HAL,Hindustan Aeronautics Ltd,Industrials,3,High-Quality Growth,1.3845942255075783,28.9,3816.5829145728644,28.9,0.6180904522613065,0.6180904522613065,8.712548590236358,8.712548590236358,,37.78973446864202,32.08913465652875,32.08913465652875
BEL,Bharat Electronics Ltd,Industrials,3,High-Quality Growth,1.4226384645316945,26.3,4744.047619047619,26.3,0.5119047619047619,0.5119047619047619,10.7508063318833,10.7508063318833,,37.78973446864202,24.921057825143084,24.921057825143084
NESTLEIND,Nestle India Ltd,Consumer Staples,3,High-Quality Growth,1.439627912664121,135.61,117.75449101796407,50.12085157882395,0.10329341317365269,0.10329341317365269,14.548573711802671,14.548573711802671,4.320098447494725,4.320098447494725,23.829630236943512,23.829630236943512
IRCTC,Indian Railway Catering & Tourism Corporation Ltd,Consumer Discretionary,3,High-Quality Growth,1.4890965622623742,40.4,34.39628482972136,34.39628482972136,0.018575851393188854,0.018575851393188854,17.955244103890912,17.955244103890912,35.50477381816852,35.50477381816852,34.33255269320843,34.33255269320843
LT,Larsen & Toubro Ltd,Industrials,3,High-Quality Growth,1.522779237680237,10.49,77.66510140873214,50.12085157882395,0.10345688880007993,0.10345688880007993,10.335347989682408,10.335347989682408,,37.78973446864202,13.506668535997433,13.506668535997433
BRITANNIA,Britannia Industries Ltd,Consumer Staples,3,High-Quality Growth,1.6611315133490274,57.1,54.14869322506978,50.12085157882395,0.5239786856127886,0.5239786856127886,8.690023727476138,8.690023727476138,58.59345160881666,41.29094588325829,18.886039716142882,18.886039716142882
TITAN,Titan Company Ltd,Consumer Discretionary,3,High-Quality Growth,1.8082531836801528,32.9,37.2192057915469,37.2192057915469,1.653145959757266,1.653145959757266,20.897163953120245,20.897163953120245,27.55515729109304,27.55515729109304,10.359408033826638,10.359408033826638
COALINDIA,Coal India Ltd,Materials,3,High-Quality Growth,1.9364817410662964,52.0,45.16982956605826,45.16982956605826,0.0788468512027076,0.0788468512027076,7.402890725901301,7.402890725901301,9.987217411819094,9.987217411819094,66.29380849329698,66.29380849329698
PNB,Punjab National Bank,Financials,3,High-Quality Growth,2.4854842857176176,8.7,61.320565191187306,50.12085157882395,3.684256345007701,3.684256345007701,15.902076009106025,15.902076009106025,,-8.390395426179154,,38.55469091544986
LICI,Life Insurance Corporation of India,Financials,3,High-Quality Growth,2.6423424292951094,63.61,49.44710986501021,49.44710986501021,0.0,0.0012868909222192926,8.15986061977938,8.15986061977938,-48.21728841371581,-21.097831098826322,3.87474201090824,8.40432065777703
TATAPOWER,Tata Power Company Ltd,Energy,4,Emerging Growth,0.5398725498405749,11.3,13.227840276919272,13.227840276919272,1.659321300531586,1.659321300531586,15.511158201876407,15.511158201876407,-3.666968259247616,-3.666968259247616,17.469771680580646,17.469771680580646
JSWSTEEL,JSW Steel Ltd,Materials,4,Emerging Growth,0.7827362201688741,11.66,11.5528718021347,11.5528718021347,1.1328071688833383,1.1328071688833383,15.604695052452788,15.604695052452788,,9.987217411819094,16.089162657280323,16.089162657280323
DMART,Avenue Supermarts Ltd,Consumer Discretionary,4,Emerging Growth,1.0096365808603522,14.5,13.56294790886726,13.56294790886726,0.031661140228901485,0.031661140228901485,20.48312440202782,20.48312440202782,,10.02778351575371,8.084427730414067,8.40432065777703
APOLLOHOSP,Apollo Hospitals Chain of Indian private hospitals,Healthcare,4,Emerging Growth,1.0622443511406976,13.81,13.480392156862745,13.480392156862745,0.7688869665513264,0.7688869665513264,14.660042602193135,14.660042602193135,14.5722412524085,14.5722412524085,12.56099480560365,12.56099480560365
ADANIENSOL,Adani Energy Solutions Ltd,Energy,4,Emerging Growth,1.2202333104174927,8.59,9.461276797721698,9.461276797721698,2.93252116130053,2.93252116130053,17.85124994851739,17.85124994851739,,11.57315479777334,34.38911302462817,34.38911302462817
SHRIRAMFIN,Shriram Finance Ltd,Financials,4,Emerging Growth,1.2776452273212344,15.9,15.116350338120824,15.116350338120824,3.994034363699512,3.994034363699512,18.556070052776754,18.556070052776754,,-8.390395426179154,28.918874354182698,28.918874354182698
NAUKRI,Info Edge (India) Ltd,Communication Services,4,Emerging Growth,1.3137804223779164,2.44,1.9661621835965897,4.684321561148048,0.008129006675038002,0.008129006675038002,17.115610089960743,17.115610089960743,,10.02778351575371,28.036277602523658,28.036277602523658
HAVELLS,Havells India Ltd,Industrials,4,Emerging Growth,1.3345218894013233,18.0,17.067275412917954,17.067275412917954,0.040687525177924,0.040687525177924,13.037907939063121,13.037907939063121,-13.35487386941974,-13.35487386941974,10.118343195266272,10.118343195266272
SBILIFE,SBI Life Insurance Company Ltd,Financials,4,Emerging Growth,1.396031564711153,12.0,12.704588140595655,12.704588140595655,0.0,0.0012868909222192926,24.231614182367544,24.231614182367544,,-8.390395426179154,0.18638058005273206,8.40432065777703
ATGL,Adani Total Gas Ltd,Energy,4,Emerging Growth,1.4222698716118716,20.5,18.65921787709497,18.65921787709497,0.43491620111731844,0.43491620111731844,21.08864867789759,21.08864867789759,-29.27279043282174,-21.097831098826322,24.670391061452516,24.670391061452516
ADANIENT,Adani Enterprises Ltd,Conglomerates / Other,4,Emerging Growth,1.481544999690612,13.64,8.534650424813185,8.534650424813185,1.671358378544375,1.671358378544375,19.015414753081238,19.015414753081238,,23.755071040879592,11.799296833677312,11.799296833677312
TATACONSUM,Tata Consumer Products Ltd,Consumer Staples,4,Emerging Growth,1.5343095915447869,8.32,7.566793298872766,7.566793298872766,0.21654107242947002,0.21654107242947002,15.96086282879563,15.96086282879563,-37.04887150623013,-21.097831098826322,15.020386689464685,15.020386689464685
TVSMOTOR,TVS Motor Company Ltd,Consumer Discretionary,4,Emerging Growth,1.6007627138570688,,26.223466981132077,26.223466981132077,3.833431603773585,3.833431603773585,14.192387704277065,14.192387704277065,,10.02778351575371,14.050325712096054,14.050325712096054
BAJFINANCE,Bajaj Finance Ltd,Financials,4,Emerging Growth,1.6316410308474025,22.1,18.841921351830603,18.841921351830603,3.824788776468134,3.824788776468134,24.352642739542006,24.286077033096053,,-8.390395426179154,29.285818234737686,29.285818234737686
DRREDDY,Dr Reddys Laboratories Ltd,Healthcare,4,Emerging Growth,1.6989266375053778,21.4,19.74233736816026,19.74233736816026,0.07085722375592836,0.07085722375592836,12.639644349571988,12.639644349571988,-24.68901184980715,-21.097831098826322,28.321016743422227,28.321016743422227
LTIM,LTIMindtree Ltd,Information Technology,4,Emerging Growth,1.8113634039066087,26.04,22.904386052552702,22.904386052552702,0.10345688880007993,0.10345688880007993,30.32798083513346,24.286077033096053,22.08444037386408,22.08444037386408,17.982937748120616,17.982937748120616
SBIN,State Bank of India,Financials,4,Emerging Growth,1.9226079704379493,17.3,,15.761863790899902,,4.789368120938867,11.63380022632805,11.63380022632805,-9.42032384113779,-9.42032384113779,-13.729168991026642,8.40432065777703
TRENT,Trent Ltd,Consumer Discretionary,4,Emerging Growth,2.1408623165188034,27.2,36.30776794493609,36.30776794493609,0.4309242871189774,0.4309242871189774,36.30691600183056,24.286077033096053,,10.02778351575371,15.927272727272726,15.927272727272726
