company_id,company_name,broad_sector,latest_year,operating_activity_cr,investing_activity_cr,free_cash_flow_cr,cfo_quality_score_5yr_avg,cfo_quality_label,fcf_cagr_5yr_pct,fcf_cagr_5yr_turnaround,fcf_cagr_10yr_pct,fcf_cagr_10yr_turnaround,capex_intensity_pct,capex_intensity_label,fcf_conversion_pct,fcf_conversion_label,latest_total_debt_cr,previous_total_debt_cr,deleveraging_flag,cfo_sign,cfi_sign,cff_sign,capital_allocation_label,distress_flag
AXISBANK,Axis Bank Ltd,Financials,2024-03,-5555.0,-9001.0,-14556.0,4.970634991862179,High Quality Earnings,,False,,False,8.229937185125584,Capital Intensive,-38.36280736894816,CapEx Heavy,1295302.0,1152038.0,False,-,-,+,Growth Funded by Debt,True
BAJAJFINSV,Bajaj Finserv Ltd,Financials,2024-03,-68674.0,-10960.0,-79634.0,-2.993664365617242,Accrual Risk,,False,,False,9.929155115870342,Capital Intensive,-194.7708261996772,CapEx Heavy,288933.0,212265.0,False,-,-,+,Growth Funded by Debt,True
BAJFINANCE,Bajaj Finance Ltd,Financials,2024-03,-72760.0,-7171.0,-79931.0,-3.758378367355445,Accrual Risk,,False,,False,13.044822818889616,Capital Intensive,-496.49667681222434,CapEx Heavy,293346.0,216690.0,False,-,-,+,Growth Funded by Debt,True
BANKBARODA,Bank of Baroda,Financials,2024-03,-6274.0,-1285.0,-7559.0,3.4739109441634555,High Quality Earnings,,False,,False,1.0854965830088108,Asset Light,-17.03283084341693,CapEx Heavy,1453761.0,1342592.0,False,-,-,+,Growth Funded by Debt,True
BHEL,Bharat Heavy Electricals Limited,Industrials,2024-03,-3713.0,1331.0,-2382.0,-2.210785656327544,Accrual Risk,,False,,False,5.570669233666764,Moderate,-335.0210970464135,CapEx Heavy,8856.0,5454.0,False,-,+,+,Distress Signal,True
CHOLAFIN,Cholamandalam Investment & Finance Company Ltd,Financials,2024-03,-35683.0,-2855.0,-38538.0,-6.195324924972415,Accrual Risk,,False,,False,14.898502322183374,Capital Intensive,-715.6545961002786,CapEx Heavy,134475.0,97358.0,False,-,-,+,Growth Funded by Debt,True
GRASIM,Grasim Industries Ltd,Conglomerates / Other,2024-03,-10719.0,-23114.0,-33833.0,0.6128140684668629,Moderate,,False,,False,17.647238467528897,Capital Intensive,-124.408898694613,CapEx Heavy,137155.0,103039.0,False,-,-,+,Growth Funded by Debt,True
M&M,Mahindra & Mahindra Ltd,Consumer Discretionary,2024-03,-5630.0,-5615.0,-11245.0,3.3155577267694207,High Quality Earnings,,False,,False,4.037302808495952,Moderate,-45.17515667684396,CapEx Heavy,108647.0,92247.0,False,-,-,+,Growth Funded by Debt,True
PFC,Power Finance Corporation Ltd,Financials,2024-03,-97820.0,-3409.0,-101229.0,-3.0347961452634613,Accrual Risk,,False,,False,3.7253573458058313,Moderate,-301.5190778303994,CapEx Heavy,861961.0,751158.0,False,-,-,+,Growth Funded by Debt,True
PNB,Punjab National Bank,Financials,2024-03,-27939.0,-1506.0,-29445.0,-1.2184982242957263,Accrual Risk,,False,,False,1.3808279466373263,Asset Light,,,55017.0,53621.0,False,-,-,+,Growth Funded by Debt,True
RECLTD,REC Ltd,Financials,2024-03,-57723.0,-1831.0,-59554.0,-3.8561659973777034,Accrual Risk,,False,,False,3.8533577456489256,Moderate,-124.37399494601424,CapEx Heavy,445568.0,380790.0,False,-,-,+,Growth Funded by Debt,True
SHRIRAMFIN,Shriram Finance Ltd,Financials,2024-03,-31101.0,-258.0,-31359.0,-2.6128210547429718,Accrual Risk,,False,,False,0.7090249532813014,Asset Light,-298.0043713769838,CapEx Heavy,195496.0,164202.0,False,-,-,+,Growth Funded by Debt,True
TVSMOTOR,TVS Motor Company Ltd,Consumer Discretionary,2024-03,-1253.0,-1001.0,-2254.0,-0.7508952449451184,Accrual Risk,,False,,False,2.557159279601482,Asset Light,-40.98181818181818,CapEx Heavy,26006.0,22376.0,False,-,-,+,Growth Funded by Debt,True
