table,rows_in,rows_out,rejected,timestamp,runtime_s
companies,92,92,0,2026-09-03T22:13:25,0.015
profitandloss,1276,1164,112,2026-09-03T22:13:25,0.0162
balancesheet,1312,1140,172,2026-09-03T22:13:25,0.0169
cashflow,1187,1063,124,2026-09-03T22:13:25,0.0147
analysis,20,16,4,2026-09-03T22:13:25,0.0065
documents,1585,1457,128,2026-09-03T22:13:25,0.0176
prosandcons,16,14,2,2026-09-03T22:13:25,0.0084
sectors,92,92,0,2026-09-03T22:13:25,0.0072
stock_prices,5520,5520,0,2026-09-03T22:13:25,0.048
market_cap,552,552,0,2026-09-03T22:13:25,0.0103
financial_ratios,1184,1041,143,2026-09-03T22:13:25,0.0194
peer_groups,56,56,0,2026-09-03T22:13:25,0.0059
