company_id,company_name,year,broad_sector,sub_sector,financial_type,return_on_capital_employed_pct,sector_roce_median_pct,sector_roce_percentile,sector_relative_position,difference_from_sector_median_pct,source_roce_percentage,source_difference_pct_points,source_crosscheck_anomaly,anomaly_note
KOTAKBANK,Kotak Mahindra Bank Ltd,2024-03,Financials,Private Banks,Bank,7.113136699541475,3.4759622860212316,100.0,Sector Leader,3.6371744135202437,7.86,0.746863300458525,False,Within cross-check tolerance.
ICICIBANK,ICICI Bank Ltd,2024-03,Financials,Private Banks,Bank,5.11888931768417,3.4759622860212316,85.71428571428571,Sector Leader,1.6429270316629383,7.6,2.4811106823158298,False,Within cross-check tolerance.
HDFCBANK,HDFC Bank Ltd,2024-03,Financials,Private Banks,Bank,4.801033923800871,3.4759622860212316,71.42857142857143,Above Sector Median,1.3250716377796392,7.67,2.868966076199129,False,Within cross-check tolerance.
INDUSINDBK,IndusInd Bank Ltd,2024-03,Financials,Private Banks,Bank,3.4759622860212316,3.4759622860212316,57.14285714285714,Above Sector Median,0.0,7.93,4.454037713978768,False,Within cross-check tolerance.
CANBK,Canara Bank,2024-03,Financials,Public Sector Banks,Bank,3.0948490094827803,3.4759622860212316,42.857142857142854,Below Sector Median,-0.3811132765384513,6.63,3.5351509905172196,False,Within cross-check tolerance.
BANKBARODA,Bank of Baroda,2024-03,Financials,Public Sector Banks,Bank,2.7122786903374316,3.4759622860212316,28.57142857142857,Below Sector Median,-0.7636835956838,6.33,3.6177213096625684,False,Within cross-check tolerance.
AXISBANK,Axis Bank Ltd,2024-03,Financials,Private Banks,Bank,2.5207167817120824,3.4759622860212316,14.285714285714285,Sector Laggard,-0.9552455043091492,7.06,4.539283218287917,False,Within cross-check tolerance.
PNB,Punjab National Bank,2024-03,Financials,Public Sector Banks,Bank,,3.4759622860212316,,Insufficient Data,,1.63,,False,Within cross-check tolerance.
SBIN,State Bank of India,2024-03,Financials,Public Sector Banks,Bank,,3.4759622860212316,,Insufficient Data,,6.16,,False,Within cross-check tolerance.
ICICIPRULI,ICICI Prudential Life Insurance Company Ltd,2024-03,Financials,Life Insurance,NBFC / Financial,753.9778779188856,4.956268461841565,100.0,Sector Leader,749.0216094570441,8.75,745.2278779188856,True,Computed ROCE differs from companies.roce_percentage by more than 5.0 percentage points.
HDFCLIFE,HDFC Life Insurance Company Ltd,2024-03,Financials,Life Insurance,NBFC / Financial,645.952868852459,4.956268461841565,92.85714285714286,Sector Leader,640.9966003906175,6.61,639.342868852459,True,Computed ROCE differs from companies.roce_percentage by more than 5.0 percentage points.
ICICIGI,ICICI Lombard General Insurance Company Ltd,2024-03,Financials,General Insurance,NBFC / Financial,145.22875816993462,4.956268461841565,85.71428571428571,Sector Leader,140.27248970809305,22.5,122.72875816993462,True,Computed ROCE differs from companies.roce_percentage by more than 5.0 percentage points.
LICI,Life Insurance Corporation of India,2024-03,Financials,Life Insurance,NBFC / Financial,39.05035832114759,4.956268461841565,78.57142857142857,Sector Leader,34.094089859306024,63.79,24.739641678852408,True,Computed ROCE differs from companies.roce_percentage by more than 5.0 percentage points.
BAJAJFINSV,Bajaj Finserv Ltd,2024-03,Financials,Diversified Financials,NBFC / Financial,11.44874463510097,4.956268461841565,71.42857142857143,Above Sector Median,6.492476173259406,21.14,9.69125536489903,True,Computed ROCE differs from companies.roce_percentage by more than 5.0 percentage points.
RECLTD,REC Ltd,2024-03,Financials,Speciality Finance,NBFC / Financial,9.294489608054098,4.956268461841565,64.28571428571429,Above Sector Median,4.3382211462125335,10.0,0.7055103919459018,False,Within cross-check tolerance.
IRFC,Indian Railway Finance Corporation Ltd,2024-03,Financials,Speciality Finance,NBFC / Financial,5.746523336036321,4.956268461841565,57.14285714285714,Above Sector Median,0.7902548741947566,5.73,0.016523336036320835,False,Within cross-check tolerance.
BAJFINANCE,Bajaj Finance Ltd,2024-03,Financials,Consumer Finance,NBFC / Financial,4.166013587646808,4.956268461841565,50.0,Above Sector Median,-0.7902548741947566,11.9,7.733986412353192,True,Computed ROCE differs from companies.roce_percentage by more than 5.0 percentage points.
SHRIRAMFIN,Shriram Finance Ltd,2024-03,Financials,Consumer Finance,NBFC / Financial,4.0643421983857175,4.956268461841565,42.857142857142854,Below Sector Median,-0.8919262634558471,11.3,7.235657801614283,True,Computed ROCE differs from companies.roce_percentage by more than 5.0 percentage points.
PFC,Power Finance Corporation Ltd,2024-03,Financials,Speciality Finance,NBFC / Financial,3.4803988753078574,4.956268461841565,35.714285714285715,Below Sector Median,-1.4758695865337073,9.96,6.479601124692143,True,Computed ROCE differs from companies.roce_percentage by more than 5.0 percentage points.
CHOLAFIN,Cholamandalam Investment & Finance Company Ltd,2024-03,Financials,Consumer Finance,NBFC / Financial,3.3666952254848512,4.956268461841565,28.57142857142857,Below Sector Median,-1.5895732363567134,10.4,7.033304774515149,True,Computed ROCE differs from companies.roce_percentage by more than 5.0 percentage points.
BAJAJHLDNG,Bajaj Holdings & Investment Ltd,2024-03,Financials,Holding Companies,NBFC / Financial,2.8134781808138465,4.956268461841565,21.428571428571427,Sector Laggard,-2.142790281027718,13.1,10.286521819186152,True,Computed ROCE differs from companies.roce_percentage by more than 5.0 percentage points.
SBILIFE,SBI Life Insurance Company Ltd,2024-03,Financials,Life Insurance,NBFC / Financial,1.140327341024953,4.956268461841565,14.285714285714285,Sector Laggard,-3.8159411208166114,13.2,12.059672658975046,True,Computed ROCE differs from companies.roce_percentage by more than 5.0 percentage points.
JIOFIN,Jio Financial Services Ltd,2024-03,Financials,Diversified Financials,NBFC / Financial,1.104587235082323,4.956268461841565,7.142857142857142,Sector Laggard,-3.8516812267592417,2.16,1.0554127649176772,False,Within cross-check tolerance.
