company_id,year,return_on_equity_pct,debt_to_equity,net_profit_margin_pct,composite_quality_score
BEL,2024-03,4744.047619047619,0.5119047619047619,19.661535425300965,82.95793813469501
HAL,2024-03,3816.5829145728644,0.6180904522613065,24.999177117277245,84.78708675359144
INDIGO,2024-03,892.568306010929,0.018579234972677595,11.852722628584697,91.9795268006013
NESTLEIND,2024-03,117.75449101796407,0.10329341317365269,16.12281708616873,87.17052800684446
LT,2024-03,77.66510140873214,0.10345688880007993,7.031246466738726,99.4417532383999
BRITANNIA,2024-03,54.14869322506978,0.5239786856127886,12.725863199952292,70.9080315644484
TCS,2024-03,50.944313673485176,0.0886406082507266,19.136712150207767,87.51825146978695
LICI,2024-03,49.44710986501021,0.0,4.836600998148862,69.01401446899678
ADANIPOWER,2024-03,48.27674122146251,0.8023177656738903,41.36759945184802,73.5889898221738
COALINDIA,2024-03,45.16982956605826,0.0788468512027076,26.25628846856468,88.62523911124447
TRENT,2024-03,36.30776794493609,0.4309242871189774,11.935353535353535,54.8754352309864
BPCL,2024-03,35.511337343822305,0.7218747934157467,5.994201967046283,68.80108933311708
IRCTC,2024-03,34.39628482972136,0.018575851393188854,26.01873536299766,59.209926170384385
ABB,2024-03,32.46823465801568,0.022438496891051634,20.533424517011454,56.638973834688514
INFY,2024-03,29.788006718416632,0.09486358890553362,17.08075746730006,66.92189235099593
ASIANPAINT,2024-03,29.677488252883382,0.1321016659547202,15.658543456824905,54.85511299686898
ITC,2024-03,27.851074395694365,0.004066731984914169,29.282025230717128,64.71625607913026
BAJAJ-AUTO,2024-03,26.61418410330778,0.06601754022512257,17.178515712057056,53.795677821960204
TORNTPHARM,2024-03,24.154025670945156,0.5866394399066511,15.436241610738255,47.142645773216046
IOC,2024-03,23.53162465856491,0.7230954600718581,5.559462717942377,57.629625339597226
HCLTECH,2024-03,23.01393141233172,0.08435023365512796,14.293122742532729,57.562922959484894
LTIM,2024-03,22.904386052552702,0.10345688880007993,12.90931103415266,47.13113153735307
EICHERMOT,2024-03,22.172346910501524,0.023219728456636186,24.195694242864054,45.10200128034596
HEROMOTOCO,2024-03,21.14243742584327,0.03423922255494661,9.902352536452407,67.07245507838914
PIDILITIND,2024-03,20.780302129178065,0.045438325205186154,14.108051360736493,45.54844331492254
BOSCHLTD,2024-03,20.639920424403183,0.003232758620689655,14.886112273569676,43.00327852955836
HINDUNILVR,2024-03,20.074973642078955,0.028974188761763442,16.611735814915342,65.10022193413319
DRREDDY,2024-03,19.74233736816026,0.07085722375592836,19.913605369319196,43.12591321932071
ATGL,2024-03,18.65921787709497,0.43491620111731844,14.927374301675977,
DABUR,2024-03,18.355969997972835,0.13835394283397526,14.600128990648178,41.45395410001029
SIEMENS,2024-09,17.698769290877124,0.018167610861496385,12.221223021582734,50.0
HAVELLS,2024-03,17.067275412917954,0.040687525177924,6.837009144701453,40.76621880868571
ONGC,2024-03,16.940398136885513,0.45444863084819176,9.655290194725701,52.66648742153242
MARUTI,2024-03,15.750385351954785,0.001389602503619973,9.50809964894472,42.13496301020942
ICICIGI,2024-03,15.7230643179025,0.0028676771814829987,9.366915605017816,61.26455435551878
CIPLA,2024-03,15.554557028383135,0.020931625851868495,16.11701714906495,50.99703269055372
ADANIPORTS,2024-03,15.3548827162833,0.9373223691689719,30.339560480700833,40.347288747506056
SUNPHARMA,2024-03,15.094161810671148,0.051423814535002436,19.815658700538176,46.02728970875092
