company_id,feature,raw_value,replacement_value,reason,method
BEL,roe,4744.047619047619,26.3,Computed ROE exceeded absolute 200% ML threshold,source_roe_fallback
HAL,roe,3816.5829145728644,28.9,Computed ROE exceeded absolute 200% ML threshold,source_roe_fallback
INDIGO,roe,892.568306010929,,Computed ROE exceeded absolute 200% ML threshold,sector_median_imputation
INDIGO,roe,,22.172346910501524,Missing ML feature,sector/global median imputation
SBIN,roe,,15.761863790899902,Missing ML feature,sector/global median imputation
BHEL,roe,1.1539405843358703,4.684321561148048,Extreme ML feature,5th/95th percentile winsorization
BRITANNIA,roe,54.14869322506978,50.12085157882395,Extreme ML feature,5th/95th percentile winsorization
GODREJCP,roe,-4.45308779171297,4.684321561148048,Extreme ML feature,5th/95th percentile winsorization
JIOFIN,roe,1.153456416595399,4.684321561148048,Extreme ML feature,5th/95th percentile winsorization
LT,roe,77.66510140873214,50.12085157882395,Extreme ML feature,5th/95th percentile winsorization
NAUKRI,roe,1.9661621835965897,4.684321561148048,Extreme ML feature,5th/95th percentile winsorization
NESTLEIND,roe,117.75449101796407,50.12085157882395,Extreme ML feature,5th/95th percentile winsorization
PNB,roe,61.320565191187306,50.12085157882395,Extreme ML feature,5th/95th percentile winsorization
TATASTEEL,roe,-5.334926929972293,4.684321561148048,Extreme ML feature,5th/95th percentile winsorization
TCS,roe,50.944313673485176,50.12085157882395,Extreme ML feature,5th/95th percentile winsorization
SBIN,debt_to_equity,,4.789368120938867,Missing ML feature,sector/global median imputation
AXISBANK,debt_to_equity,8.249122739980766,7.499263855218525,Extreme ML feature,5th/95th percentile winsorization
BAJAJHLDNG,debt_to_equity,0.0011613545449517945,0.0012868909222192926,Extreme ML feature,5th/95th percentile winsorization
BANKBARODA,debt_to_equity,12.143718727289434,7.499263855218525,Extreme ML feature,5th/95th percentile winsorization
CANBK,debt_to_equity,14.867419925542423,7.499263855218525,Extreme ML feature,5th/95th percentile winsorization
DIVISLAB,debt_to_equity,0.0002210596124088129,0.0012868909222192926,Extreme ML feature,5th/95th percentile winsorization
IRFC,debt_to_equity,8.378352548852153,7.499263855218525,Extreme ML feature,5th/95th percentile winsorization
JIOFIN,debt_to_equity,0.0,0.0012868909222192926,Extreme ML feature,5th/95th percentile winsorization
LICI,debt_to_equity,0.0,0.0012868909222192926,Extreme ML feature,5th/95th percentile winsorization
PFC,debt_to_equity,8.521864217426122,7.499263855218525,Extreme ML feature,5th/95th percentile winsorization
SBILIFE,debt_to_equity,0.0,0.0012868909222192926,Extreme ML feature,5th/95th percentile winsorization
JIOFIN,revenue_cagr_5yr,,17.25086850260209,Missing ML feature,sector/global median imputation
ADANIGREEN,revenue_cagr_5yr,34.976172926382844,24.286077033096053,Extreme ML feature,5th/95th percentile winsorization
BAJAJHLDNG,revenue_cagr_5yr,31.612293448969165,24.286077033096053,Extreme ML feature,5th/95th percentile winsorization
BAJFINANCE,revenue_cagr_5yr,24.352642739542006,24.286077033096053,Extreme ML feature,5th/95th percentile winsorization
BHEL,revenue_cagr_5yr,-4.728642461606237,1.816400036319644,Extreme ML feature,5th/95th percentile winsorization
DLF,revenue_cagr_5yr,-5.136730668466605,1.816400036319644,Extreme ML feature,5th/95th percentile winsorization
JINDALSTEL,revenue_cagr_5yr,1.4028310947741707,1.816400036319644,Extreme ML feature,5th/95th percentile winsorization
LODHA,revenue_cagr_5yr,-2.8278535641862446,1.816400036319644,Extreme ML feature,5th/95th percentile winsorization
LTIM,revenue_cagr_5yr,30.32798083513346,24.286077033096053,Extreme ML feature,5th/95th percentile winsorization
NHPC,revenue_cagr_5yr,1.404917217643753,1.816400036319644,Extreme ML feature,5th/95th percentile winsorization
TRENT,revenue_cagr_5yr,36.30691600183056,24.286077033096053,Extreme ML feature,5th/95th percentile winsorization
ABB,fcf_cagr_5yr,,37.78973446864202,Missing ML feature,sector/global median imputation
ADANIENSOL,fcf_cagr_5yr,,11.57315479777334,Missing ML feature,sector/global median imputation
ADANIENT,fcf_cagr_5yr,,23.755071040879592,Missing ML feature,sector/global median imputation
ADANIGREEN,fcf_cagr_5yr,,11.57315479777334,Missing ML feature,sector/global median imputation
AMBUJACEM,fcf_cagr_5yr,,9.987217411819094,Missing ML feature,sector/global median imputation
AXISBANK,fcf_cagr_5yr,,-8.390395426179154,Missing ML feature,sector/global median imputation
BAJAJFINSV,fcf_cagr_5yr,,-8.390395426179154,Missing ML feature,sector/global median imputation
BAJFINANCE,fcf_cagr_5yr,,-8.390395426179154,Missing ML feature,sector/global median imputation
BANKBARODA,fcf_cagr_5yr,,-8.390395426179154,Missing ML feature,sector/global median imputation
BEL,fcf_cagr_5yr,,37.78973446864202,Missing ML feature,sector/global median imputation
BHARTIARTL,fcf_cagr_5yr,,10.02778351575371,Missing ML feature,sector/global median imputation
BHEL,fcf_cagr_5yr,,37.78973446864202,Missing ML feature,sector/global median imputation
BPCL,fcf_cagr_5yr,,11.57315479777334,Missing ML feature,sector/global median imputation
CHOLAFIN,fcf_cagr_5yr,,-8.390395426179154,Missing ML feature,sector/global median imputation
DMART,fcf_cagr_5yr,,10.02778351575371,Missing ML feature,sector/global median imputation
GODREJCP,fcf_cagr_5yr,,4.320098447494725,Missing ML feature,sector/global median imputation
GRASIM,fcf_cagr_5yr,,23.755071040879592,Missing ML feature,sector/global median imputation
HAL,fcf_cagr_5yr,,37.78973446864202,Missing ML feature,sector/global median imputation
HDFCBANK,fcf_cagr_5yr,,-8.390395426179154,Missing ML feature,sector/global median imputation
HDFCLIFE,fcf_cagr_5yr,,-8.390395426179154,Missing ML feature,sector/global median imputation
INDUSINDBK,fcf_cagr_5yr,,-8.390395426179154,Missing ML feature,sector/global median imputation
IOC,fcf_cagr_5yr,,11.57315479777334,Missing ML feature,sector/global median imputation
IRFC,fcf_cagr_5yr,,-8.390395426179154,Missing ML feature,sector/global median imputation
JINDALSTEL,fcf_cagr_5yr,,9.987217411819094,Missing ML feature,sector/global median imputation
JIOFIN,fcf_cagr_5yr,,-8.390395426179154,Missing ML feature,sector/global median imputation
JSWENERGY,fcf_cagr_5yr,,11.57315479777334,Missing ML feature,sector/global median imputation
JSWSTEEL,fcf_cagr_5yr,,9.987217411819094,Missing ML feature,sector/global median imputation
KOTAKBANK,fcf_cagr_5yr,,-8.390395426179154,Missing ML feature,sector/global median imputation
LODHA,fcf_cagr_5yr,,-13.16733127538306,Missing ML feature,sector/global median imputation
LT,fcf_cagr_5yr,,37.78973446864202,Missing ML feature,sector/global median imputation
M&M,fcf_cagr_5yr,,10.02778351575371,Missing ML feature,sector/global median imputation
NAUKRI,fcf_cagr_5yr,,10.02778351575371,Missing ML feature,sector/global median imputation
NTPC,fcf_cagr_5yr,,11.57315479777334,Missing ML feature,sector/global median imputation
PFC,fcf_cagr_5yr,,-8.390395426179154,Missing ML feature,sector/global median imputation
PNB,fcf_cagr_5yr,,-8.390395426179154,Missing ML feature,sector/global median imputation
RECLTD,fcf_cagr_5yr,,-8.390395426179154,Missing ML feature,sector/global median imputation
RELIANCE,fcf_cagr_5yr,,23.755071040879592,Missing ML feature,sector/global median imputation
SBILIFE,fcf_cagr_5yr,,-8.390395426179154,Missing ML feature,sector/global median imputation
SHRIRAMFIN,fcf_cagr_5yr,,-8.390395426179154,Missing ML feature,sector/global median imputation
TATAMOTORS,fcf_cagr_5yr,,10.02778351575371,Missing ML feature,sector/global median imputation
TATASTEEL,fcf_cagr_5yr,,9.987217411819094,Missing ML feature,sector/global median imputation
TRENT,fcf_cagr_5yr,,10.02778351575371,Missing ML feature,sector/global median imputation
TVSMOTOR,fcf_cagr_5yr,,10.02778351575371,Missing ML feature,sector/global median imputation
ATGL,fcf_cagr_5yr,-29.27279043282174,-21.097831098826322,Extreme ML feature,5th/95th percentile winsorization
BRITANNIA,fcf_cagr_5yr,58.59345160881666,41.29094588325829,Extreme ML feature,5th/95th percentile winsorization
CIPLA,fcf_cagr_5yr,228.7503659034452,41.29094588325829,Extreme ML feature,5th/95th percentile winsorization
DRREDDY,fcf_cagr_5yr,-24.68901184980715,-21.097831098826322,Extreme ML feature,5th/95th percentile winsorization
ICICIPRULI,fcf_cagr_5yr,-51.26166654001434,-21.097831098826322,Extreme ML feature,5th/95th percentile winsorization
INDIGO,fcf_cagr_5yr,71.56520119992503,41.29094588325829,Extreme ML feature,5th/95th percentile winsorization
LICI,fcf_cagr_5yr,-48.21728841371581,-21.097831098826322,Extreme ML feature,5th/95th percentile winsorization
SIEMENS,fcf_cagr_5yr,53.28962129081927,41.29094588325829,Extreme ML feature,5th/95th percentile winsorization
SUNPHARMA,fcf_cagr_5yr,43.2382586094409,41.29094588325829,Extreme ML feature,5th/95th percentile winsorization
TATACONSUM,fcf_cagr_5yr,-37.04887150623013,-21.097831098826322,Extreme ML feature,5th/95th percentile winsorization
PNB,opm,,38.55469091544986,Missing ML feature,sector/global median imputation
BAJAJHLDNG,opm,91.7743830787309,90.21888430974894,Extreme ML feature,5th/95th percentile winsorization
BHEL,opm,2.9757669610346125,8.40432065777703,Extreme ML feature,5th/95th percentile winsorization
DMART,opm,8.084427730414067,8.40432065777703,Extreme ML feature,5th/95th percentile winsorization
HDFCLIFE,opm,99.47675449833469,90.21888430974894,Extreme ML feature,5th/95th percentile winsorization
ICICIPRULI,opm,102.02531365231931,90.21888430974894,Extreme ML feature,5th/95th percentile winsorization
IRFC,opm,99.50459748545694,90.21888430974894,Extreme ML feature,5th/95th percentile winsorization
LICI,opm,3.87474201090824,8.40432065777703,Extreme ML feature,5th/95th percentile winsorization
RECLTD,opm,100.7702506471368,90.21888430974894,Extreme ML feature,5th/95th percentile winsorization
SBILIFE,opm,0.18638058005273206,8.40432065777703,Extreme ML feature,5th/95th percentile winsorization
SBIN,opm,-13.729168991026642,8.40432065777703,Extreme ML feature,5th/95th percentile winsorization
