metric,p10,p25,p50,p75,p90,mean,std,observations
roe,8.361743764845407,11.612115350385197,16.27438209993858,25.426269976945942,37.24289862768696,20.851577546004123,17.135647868758902,90
debt_to_equity,0.008129006675038002,0.058099743078219884,0.43491620111731844,1.5942703351364202,6.445624336310825,1.6688322682398915,2.863032616687874,91
pe_ratio,15.736999999999998,29.8825,46.18,59.089999999999996,69.977,44.07206521739131,20.066719401938613,92
roce,3.4650355799675934,7.9330115974842865,13.778429388875907,27.168802599650586,114.0749838577122,162.8640097686104,696.3924564542924,90
npm,4.619194610984474,7.24774515132234,14.208254232549017,20.34900889030226,29.24548245324143,20.015917582704322,45.182887413385615,92
opm,9.837909494446341,16.008217692276524,25.833656455990695,40.154298741775634,84.04312668463612,34.668914632997186,27.512220711640186,91
revenue_cagr_5yr,5.838805854237616,8.440832121892061,11.836370175898114,17.183239296281414,21.08864867789759,12.950318100413172,7.382205385459933,91
pat_cagr_5yr,4.3594698195265895,9.86465271466127,16.2781059479576,23.77712800024647,39.277589291381965,21.10741265835075,21.548470489755804,84
eps_cagr_5yr,3.5558153809400497,9.179239288916797,14.869835499703509,22.05389168656197,31.639008770631808,18.99588938745536,20.199021958143714,83
free_cash_flow_cr,-14435.1,-1290.0,1095.0,8348.5,20412.2,893.6086956521739,23126.51041124108,92
